34.5253,69.1783,4273156.0
31.62,65.7158,614254.0
34.3419,62.2031,556205.0
32.3436,62.1194,500000.0
36.7,67.1167,469247.0
31.5831,64.3692,276831.0
36.7286,68.8681,268893.0
36.7167,69.5167,263800.0
34.4342,70.4478,263312.0
36.665,65.752,175599.0
41.3289,19.8178,418495.0
41.3133,19.4458,175110.0
40.4667,19.4833,130827.0
41.3833,19.7667,126777.0
40.725,19.5572,120655.0
42.0681,19.5119,112276.0
41.1111,20.0806,78703.0
40.6167,20.7667,51152.0
39.875,20.01,41000.0
40.7022,19.9583,36496.0
36.7539,3.0589,3415811.0
36.35,6.6,465138.0
35.55,6.1667,290645.0
36.19,5.41,288461.0
34.6667,3.25,265833.0
36.9,7.7667,257359.0
36.5,4.2978,215000.0
35.1939,-0.6414,212935.0
34.85,5.7333,204661.0
35.4,8.1167,194461.0
-14.274,-170.7046,12576.0
42.5,1.5,22615.0
42.5089,1.5408,14917.0
42.5361,1.5828,12155.0
42.5444,1.5144,11113.0
42.465,1.4911,9694.0
42.5667,1.6,5160.0
42.555,1.5331,4858.0
-8.8383,13.2344,9051000.0
-8.8053,13.2444,1279488.0
-8.8214,13.2911,1045722.0
-14.9167,13.5,776249.0
-5.56,12.19,739182.0
-12.7767,15.7347,665564.0
-9.5333,16.35,604215.0
-12.55,13.4167,512886.0
-8.9983,13.265,500000.0
-8.9167,13.1833,500000.0
18.2208,-63.0517,3269.0
17.1167,-61.85,22219.0
-34.6033,-58.3817,16710000.0
-31.4167,-64.1833,2106734.0
-32.9575,-60.6394,1276000.0
-27.7833,-64.2667,911506.0
-45.8647,-67.4808,730266.0
-38.0,-57.55,682605.0
-26.8167,-65.2167,605767.0
-24.7833,-65.4167,535303.0
-31.5342,-68.5261,471389.0
-34.7,-58.4,459263.0
40.1814,44.5144,1075800.0
40.7894,43.8475,121976.0
40.8128,44.4883,90525.0
40.1728,44.2925,57500.0
40.5,44.7667,52808.0
40.2739,44.6256,44400.0
39.2011,46.415,43190.0
40.15,44.04,38635.0
40.4097,44.6431,25039.0
41.0096,44.3841,23782.0
12.5186,-70.0358,34980.0
12.5418,-70.022,21495.0
-37.8142,144.9631,5031195.0
-33.8678,151.21,4840600.0
-27.4678,153.0281,2360241.0
-31.9559,115.8606,2141834.0
-34.9275,138.6,1295714.0
-28.0167,153.4,607665.0
-38.0996,145.2834,460491.0
-35.2931,149.1269,381488.0
-33.3,151.2,346596.0
-34.4331,150.8831,261896.0
48.2083,16.3725,2223236.0
47.0708,15.4386,292630.0
48.3058,14.2864,210165.0
47.5167,9.75,200000.0
47.8,13.045,155021.0
47.2683,11.3933,130585.0
46.6167,14.3,101403.0
46.6167,13.85,65127.0
48.15,14.0167,61233.0
48.2,15.6167,55514.0
40.3953,49.8822,2300500.0
40.5897,49.6686,341200.0
40.6828,46.3606,331400.0
40.0528,47.4614,136000.0
40.77,47.0489,106100.0
40.4486,49.7564,100900.0
39.2161,45.4106,95100.0
39.9319,48.9203,87400.0
40.3967,49.9736,85900.0
40.3744,50.0853,85000.0
25.0781,-77.3386,274400.0
26.5117,-78.6431,46525.0
26.5286,-78.6967,45945.0
26.6867,-78.975,13577.0
26.225,50.5775,635000.0
26.25,50.6167,75000.0
26.1128,50.5139,52700.0
26.219,50.538,44784.0
26.1736,50.5478,40000.0
26.12,50.65,20000.0
26.1497,50.4653,18000.0
26.2186,50.4756,18000.0
26.1008,50.4878,14800.0
26.2306,50.5108,12000.0
23.7639,90.3889,18627000.0
22.335,91.8325,7000000.0
23.9889,90.375,2674697.0
24.3667,88.6,1600000.0
22.8167,89.55,1400689.0
25.56,89.25,1031388.0
23.62,90.5,967951.0
24.7539,90.4031,576927.0
24.9,91.8667,479837.0
24.45,89.75,450000.0
13.0975,-59.6167,110000.0
53.9,27.5667,1995471.0
52.4453,30.9842,501802.0
55.1917,30.2056,359148.0
53.6667,23.8333,358717.0
53.9167,30.35,353338.0
52.1347,23.6569,342461.0
53.15,29.2333,208611.0
53.1333,26.0167,172150.0
54.2279,28.505,155389.0
52.1153,26.1031,124613.0
50.8467,4.3525,1235192.0
51.2178,4.4003,536079.0
51.0536,3.7253,265086.0
50.4,4.4333,201816.0
50.6397,5.5706,195278.0
50.8675,4.3736,132799.0
50.8333,4.3333,120887.0
51.2089,3.2242,118509.0
50.4667,4.8667,110939.0
50.8547,4.3386,97979.0
17.4986,-88.1886,57169.0
17.1588,-89.0696,26151.0
17.2514,-88.7669,17222.0
18.075,-88.5583,13750.0
18.4,-88.4,13502.0
17.9214,-87.9611,11767.0
16.9667,-88.2167,10217.0
16.1005,-88.8074,5026.0
6.3667,2.4333,679012.0
6.4486,2.3556,655965.0
6.3667,2.35,253262.0
11.3,2.4333,248621.0
9.7,1.6667,237040.0
8.8833,2.6,221108.0
9.35,2.6167,206667.0
11.1286,2.9369,177683.0
6.9333,1.6833,170069.0
10.2953,3.3786,168882.0
32.293,-64.782,854.0
27.4722,89.6361,114551.0
26.85,89.3833,27658.0
27.4333,89.4167,11448.0
26.8706,90.4856,9858.0
26.8,91.505,9325.0
27.4833,89.9,8954.0
27.5833,89.8583,6262.0
27.55,90.7333,6243.0
27.0333,89.0833,4981.0
27.275,91.24,3502.0
-17.7892,-63.1975,3151676.0
-16.4958,-68.1333,2867504.0
-17.8,-63.1833,1867673.0
-16.5047,-68.1633,943000.0
-17.3883,-66.1597,856198.0
-17.9667,-67.1167,351802.0
-19.0475,-65.26,300000.0
-21.5333,-64.7333,268000.0
-19.5892,-65.7533,264402.0
-17.9833,-67.15,246501.0
12.1444,-68.2656,10620.0
17.4833,-62.9833,1038.0
17.6261,-63.2492,462.0
43.8564,18.4131,419957.0
44.7725,17.1925,185042.0
44.7569,19.2161,114663.0
43.3436,17.8075,113169.0
44.5381,18.6761,110979.0
44.9808,16.7133,89397.0
44.2039,17.9078,70553.0
44.7314,18.0844,68514.0
43.8167,18.3,66730.0
44.9667,15.9333,66149.0
-24.6581,25.9122,235884.0
-21.1736,27.5125,103417.0
-24.4067,25.495,67598.0
-24.6333,25.8667,57637.0
-19.9833,23.4167,57067.0
-21.9758,27.84,49724.0
-24.9833,25.35,48028.0
-22.3833,26.7167,47447.0
-24.4167,26.15,44815.0
-23.1,26.8,41316.0
-23.55,-46.6333,23086000.0
-22.9111,-43.2056,12592000.0
-19.9167,-43.9333,5328000.0
-3.7275,-38.5275,4167996.0
-15.7939,-47.8828,2817068.0
-12.9747,-38.4767,2418005.0
-3.1189,-60.0217,2063547.0
-23.9369,-46.325,1897551.0
-25.4297,-49.2711,1773733.0
-8.05,-34.9,1488920.0
4.8903,114.9422,50000.0
4.6141,114.3302,21082.0
4.9957,115.0019,8809.0
4.5828,114.1918,4259.0
4.7086,115.0739,626.0
42.7,23.33,1547779.0
43.2167,27.9167,348594.0
42.15,24.75,346893.0
42.503,27.4702,210813.0
43.8231,25.9539,143325.0
42.4256,25.6344,142746.0
43.4078,24.6203,119596.0
42.6833,26.3333,115241.0
42.6,23.0333,97181.0
42.2,24.3333,90309.0
12.3686,-1.5275,2453496.0
11.1833,-4.2833,903887.0
12.25,-2.3667,160207.0
13.5833,-2.4167,124580.0
13.0833,-1.0833,122949.0
10.6308,-4.7589,117200.0
12.25,-0.4333,99950.0
11.5,-3.5167,87154.0
12.05,0.3667,73200.0
12.4667,-3.4667,63617.0
16.795,96.16,5209541.0
21.9831,96.0844,1319452.0
19.7475,96.115,1160242.0
21.6131,96.1303,741071.0
16.8906,97.6333,421525.0
20.8167,92.3667,400000.0
20.15,94.95,289247.0
16.7842,94.7333,287071.0
17.3333,96.4833,284179.0
20.7836,97.0354,264804.0
-3.3833,29.3667,1143202.0
-3.4283,29.925,135467.0
-2.9083,29.8269,39884.0
-3.9667,29.4333,35931.0
-3.25,30.1167,27867.0
-2.8886,29.12,23885.0
-3.426,29.8436,23167.0
-2.9167,29.6167,21767.0
-3.0833,29.4,20031.0
-3.3333,29.25,11700.0
16.886,-24.988,70468.0
14.918,-23.509,61644.0
14.895,-24.498,22227.0
17.183,-25.065,18890.0
15.278,-23.752,18561.0
17.019,-25.064,18028.0
15.096,-23.667,12026.0
15.137,-23.534,9530.0
16.177,-22.918,6357.0
16.756,-22.946,6173.0
11.5694,104.9211,2129371.0
13.3622,103.8597,147866.0
13.1,103.2,130000.0
11.987,105.462,118242.0
13.5833,102.9833,99019.0
13.65,102.5667,98934.0
10.55,104.4667,83061.0
10.6333,103.5,71082.0
14.25,103.5833,70944.0
12.48,106.03,60000.0
4.05,9.7,5768400.0
3.8667,11.5167,2440462.0
5.9614,10.1517,2000000.0
9.3,13.4,600000.0
5.4667,10.4167,600000.0
10.5971,14.3157,201371.0
7.3167,13.5833,189800.0
4.95,9.9333,135405.0
9.3167,13.8833,133191.0
4.1667,9.2333,131325.0
43.7417,-79.3733,5647656.0
45.5089,-73.5617,3675219.0
49.25,-123.1,2426160.0
51.05,-114.0667,1306784.0
53.5344,-113.4903,1151635.0
45.4247,-75.695,1068821.0
49.8844,-97.1464,758515.0
46.8139,-71.2081,733156.0
43.2567,-79.8692,729560.0
43.6,-79.65,717961.0
19.2866,-81.3744,27704.0
4.3733,18.5628,889231.0
4.3137,18.3065,267859.0
5.5,15.5,233666.0
4.2558,18.4042,124176.0
4.2614,15.7894,76918.0
6.9844,15.6408,61190.0
4.94,15.87,45421.0
3.5333,16.0667,41462.0
5.7653,20.6742,41356.0
5.95,15.6,40353.0
12.11,15.05,1092066.0
8.5667,16.0833,142462.0
9.15,18.3833,108061.0
12.8508,17.5608,91507.0
9.6572,14.2283,89237.0
13.8331,20.8347,76492.0
12.2236,21.4144,66107.0
13.4428,16.0508,54072.0
9.7603,16.2697,50113.0
17.9169,19.1167,48090.0
-33.4372,-70.6506,7171000.0
-36.8282,-73.0514,719944.0
-33.6167,-70.5667,573935.0
-33.5167,-70.7667,521627.0
-33.5333,-70.5833,366916.0
-23.65,-70.4,348517.0
-33.0244,-71.5517,332875.0
-33.5833,-70.7,301313.0
-33.0461,-71.6197,296655.0
-38.7333,-72.6667,282415.0
23.13,113.26,26940000.0
31.2286,121.4747,24073000.0
39.9067,116.3975,18522000.0
22.5415,114.0596,17619000.0
30.66,104.0633,14645000.0
34.2611,108.9422,12328000.0
29.5637,106.5504,12135000.0
38.874,115.464,11544036.0
35.1038,118.3564,11018365.0
23.021,113.752,10646000.0
-10.4261,105.6728,1599.0
4.7111,-74.0722,7968095.0
6.2308,-75.5906,2529403.0
3.4206,-76.5222,2471474.0
10.9833,-74.8019,1326588.0
10.4,-75.5,914552.0
7.1333,-73.0,893040.0
7.8942,-72.5039,806378.0
2.8917,-75.4375,800000.0
10.9167,-74.75,676014.0
4.15,-73.6333,664148.0
-12.1675,44.3939,30000.0
-12.135,44.4275,22501.0
-11.4167,43.3,21000.0
-12.28,43.7425,18277.0
-11.699,43.256,17267.0
-12.2586,44.5303,16276.0
-12.3,44.5,10858.0
-11.8511,43.4261,10000.0
-12.1833,44.45,8952.0
-4.2694,15.2711,1733263.0
-4.7975,11.8503,787799.0
-4.1794,11.3731,262931.0
-4.2006,12.6792,83798.0
-4.1683,13.2933,71620.0
-4.1642,13.5517,36183.0
1.6186,18.0622,33911.0
-4.6167,12.0406,32995.0
-3.685,13.3511,32296.0
1.6106,16.0514,28179.0
-4.3219,15.3119,12836000.0
-6.15,23.6,2892000.0
-5.897,22.4488,1971704.0
-11.6647,27.4794,1786397.0
-3.4,24.42,1488922.0
0.0478,18.2558,1187837.0
-2.5,28.8667,1133000.0
0.5167,25.2,1040000.0
-4.4419,15.395,946372.0
1.5667,30.25,900666.0
-21.207,-159.771,4009.0
9.9325,-84.08,1543000.0
10.6204,-84.512,163745.0
10.2182,-84.5992,80566.0
10.0022,-83.084,60710.0
10.4853,-83.9362,57147.0
10.0088,-84.0216,56919.0
10.2358,-85.6408,55104.0
10.6333,-85.4333,53382.0
10.1024,-85.4431,50825.0
10.164,-84.2645,48326.0
45.8131,15.9775,767131.0
43.51,16.44,160577.0
45.3272,14.4411,107964.0
45.5556,18.6944,96313.0
45.8269,16.1111,70800.0
44.1194,15.2319,70779.0
45.7,16.0667,61075.0
44.8703,13.8456,52220.0
45.4833,15.55,49377.0
45.1667,18.0167,45005.0
23.1367,-82.3589,2089532.0
20.0217,-75.8294,451528.0
20.8869,-76.2592,350191.0
21.3839,-77.9075,321992.0
22.4069,-79.9649,247436.0
20.3817,-76.6428,235107.0
20.1367,-75.2139,228436.0
21.5767,-78.2775,224488.0
23.0436,-82.3328,210053.0
20.9597,-76.9544,202105.0
12.108,-68.935,150000.0
35.1725,33.365,330000.0
34.6747,33.0442,235056.0
34.9167,33.6333,84900.0
34.7667,32.4167,63600.0
35.125,33.9417,40920.0
35.3403,33.3192,33207.0
34.6931,32.9992,22369.0
34.9528,33.59,19199.0
35.1,33.3667,16774.0
35.0333,33.9833,14963.0
50.0875,14.4214,1357326.0
49.1925,16.6083,396101.0
49.8356,18.2925,283504.0
49.7475,13.3775,181240.0
50.7667,15.0667,107389.0
49.5939,17.2508,101825.0
48.9747,14.4747,96417.0
50.2092,15.8322,93506.0
50.0386,15.7792,92149.0
50.6583,14.0417,91963.0
5.3167,-4.0333,4980000.0
5.3167,-4.0667,1571065.0
5.35,-3.9667,692583.0
7.6833,-5.0167,659233.0
5.2667,-3.9,618795.0
6.8833,-6.45,421871.0
5.3,-3.95,412282.0
4.75,-6.6333,390654.0
5.3333,-4.0333,313135.0
9.4167,-5.6167,286071.0
55.6761,12.5683,1366301.0
56.1572,10.2107,290598.0
55.3958,10.3886,182387.0
57.05,9.9167,143598.0
55.4833,8.45,71921.0
56.457,10.039,64057.0
55.8583,9.85,63162.0
55.4917,9.5,62338.0
55.7167,9.5333,61310.0
55.65,12.0833,52580.0
11.5883,43.145,603900.0
11.5236,42.8472,75654.0
11.15,42.7167,37939.0
11.1167,42.3667,35000.0
11.9667,43.2833,21200.0
11.5167,42.1,18000.0
11.7833,42.8833,14820.0
15.3014,-61.3883,14725.0
19.4572,-70.6889,1343423.0
18.4667,-69.95,1128678.0
18.4855,-69.8734,948855.0
19.8,-70.6833,318419.0
18.5167,-70.0167,272776.0
18.6167,-68.7,251243.0
18.4167,-70.1056,232769.0
19.22,-70.53,220279.0
18.45,-69.3,195307.0
19.3,-70.25,188118.0
-2.19,-79.8875,2650288.0
-0.22,-78.5125,1763275.0
-2.8974,-79.0045,361524.0
-0.2542,-79.1719,334826.0
-2.1733,-79.8311,295211.0
-3.2667,-79.9667,288072.0
-0.95,-80.7162,258697.0
-1.0561,-80.4553,244129.0
-3.9833,-79.2,203496.0
-1.0333,-79.45,177792.0
30.0444,31.2358,20296000.0
29.987,31.2118,5598402.0
31.1975,29.8925,4870000.0
30.1286,31.2422,1025569.0
30.2941,31.0342,901191.0
29.4072,30.8667,692701.0
27.5667,30.8167,653847.0
30.3539,31.2007,627290.0
31.05,31.3833,621953.0
29.8453,31.3333,619293.0
13.6989,-89.1914,316090.0
13.995,-89.5561,280000.0
13.7333,-89.15,241403.0
13.4814,-88.1775,218410.0
13.6731,-89.2406,199103.0
13.7333,-89.2167,140751.0
13.8,-89.1833,131286.0
13.7167,-89.1667,120200.0
13.9167,-89.85,110511.0
13.7,-89.1167,103862.0
3.7456,8.7744,297000.0
1.865,9.77,250770.0
1.85,10.25,41084.0
2.15,11.3167,36565.0
3.7,8.9167,29366.0
1.85,10.7667,16626.0
1.6931,11.0342,15644.0
1.5833,9.6167,14034.0
1.3,10.9333,13382.0
3.7192,8.8531,10000.0
15.3228,38.925,963000.0
15.7778,38.4581,146500.0
14.75,36.7167,100000.0
13.0167,42.7333,74405.0
15.6097,39.45,39758.0
14.8833,38.8167,28492.0
15.1,38.8333,25000.0
15.1167,37.6,15891.0
13.2644,42.3342,14055.0
14.8333,39.3667,13061.0
59.4372,24.7453,614561.0
58.3833,26.7167,97524.0
59.3758,28.1961,53875.0
58.3833,24.5,39605.0
59.3978,27.2572,33675.0
58.3667,25.6,17353.0
59.4781,25.0161,16750.0
59.35,26.35,15614.0
58.25,22.4833,13197.0
59.3931,27.7742,12452.0
-26.4833,31.3667,110508.0
-26.3167,31.1333,60691.0
-26.45,31.95,6381.0
-26.4465,31.2064,5800.0
-25.961,31.247,5750.0
-27.3167,31.9,3695.0
-26.9667,31.3167,2748.0
9.03,38.74,3041002.0
9.5667,41.3833,649000.0
7.2,38.6,408368.0
6.7333,44.2667,363000.0
8.5414,39.2689,324000.0
13.4969,39.4769,323700.0
5.9527,43.5516,320782.0
7.05,38.4667,300100.0
9.6,41.8667,277000.0
11.6,37.3833,243300.0
-51.7,-57.85,2213.0
62.0,-6.7833,13326.0
62.2375,-6.539,4664.0
61.6,-6.9556,713.0
61.9125,-6.8719,446.0
62.2833,-6.5167,414.0
61.4814,-6.7458,297.0
61.5264,-6.8769,83.0
-18.1416,178.4419,185913.0
-17.8,177.4167,71048.0
-18.0244,178.5454,57882.0
-17.6242,177.4528,52220.0
-16.4311,179.3703,27949.0
-18.1167,178.4167,20529.0
-18.0667,178.5167,18919.0
-17.5333,177.6833,18526.0
-18.1414,177.5069,9622.0
60.1708,24.9375,1360075.0
61.4981,23.76,334112.0
60.2056,24.6556,297132.0
60.45,22.2667,252468.0
60.2944,25.0403,214605.0
65.0142,25.4719,208939.0
62.2417,25.7417,145887.0
62.8925,27.6783,121557.0
60.9833,25.65,118119.0
60.8681,26.7042,85855.0
48.8567,2.3522,11060000.0
44.84,-0.58,994920.0
43.2964,5.37,873076.0
45.76,4.84,522250.0
43.6045,1.444,504078.0
43.7034,7.2663,348085.0
47.2181,-1.5528,323204.0
43.6119,3.8772,302454.0
48.5833,7.7458,291313.0
50.6278,3.0583,236710.0
4.933,-52.33,61550.0
5.4976,-54.0325,24287.0
5.16,-52.6499,24029.0
5.38,-52.96,3180.0
3.9105,-51.81,2742.0
4.73,-52.33,2229.0
5.4804,-53.22,1536.0
-17.5334,-149.5667,131695.0
0.3903,9.4542,797003.0
-0.7167,8.7833,136462.0
-1.6333,13.5833,110568.0
0.2833,9.5,79300.0
1.6,11.5667,60685.0
0.3844,9.7539,51954.0
-1.5667,13.2,39298.0
-0.6883,10.2319,38775.0
2.0833,11.4833,27923.0
-2.9333,11.0,24000.0
13.4531,-16.5775,413397.0
13.4333,-16.6667,340000.0
13.2667,-16.65,77700.0
13.4833,-16.6833,43098.0
13.4167,-16.7,40675.0
13.4036,-16.6833,36134.0
13.5667,-15.6,36000.0
13.4667,-15.55,18672.0
13.3167,-14.2167,18414.0
13.1833,-16.7667,17520.0
31.5069,34.456,590481.0
31.3444,34.3031,205125.0
31.5281,34.4831,172704.0
31.2725,34.2586,171899.0
31.55,34.5,89838.0
31.4189,34.3517,75132.0
31.3428,34.3253,41439.0
31.3237,34.3476,26767.0
31.4306,34.3717,23841.0
41.7225,44.7925,1118035.0
41.6458,41.6417,169095.0
42.25,42.7,147900.0
41.5436,45.0117,132333.0
43.0,41.0167,64441.0
41.5961,45.5294,51000.0
41.9667,44.1,44524.0
42.15,41.6667,41500.0
42.5083,41.8667,41494.0
42.225,43.97,30432.0
52.52,13.405,4890363.0
48.7775,9.18,2787724.0
48.1375,11.575,2606021.0
53.55,10.0,2484800.0
50.9364,6.9528,1084831.0
50.1106,8.6822,773068.0
51.2333,6.7833,629047.0
51.34,12.375,616093.0
51.5139,7.4653,593317.0
51.4508,7.0131,584580.0
6.7,-1.625,3490030.0
6.6944,-1.4028,3348000.0
5.55,-0.2,2388000.0
9.4075,-0.8533,1095808.0
7.2833,-2.8833,1000000.0
4.9433,-1.704,286248.0
7.3333,-2.3333,208496.0
5.7,-0.0333,208060.0
6.2,-1.6833,180460.0
5.1,-1.25,169894.0
36.14,-5.35,34003.0
37.9842,23.7281,3059764.0
40.6403,22.9347,802572.0
37.943,23.6469,448051.0
35.3403,25.1344,211370.0
38.25,21.7333,173600.0
39.6417,22.4167,148562.0
38.0167,23.6833,139981.0
38.0833,23.7333,108130.0
37.95,23.7,97616.0
40.5833,22.95,91279.0
64.1814,-51.6942,18326.0
66.9389,-53.6722,5582.0
69.2167,-51.1,4737.0
68.7097,-52.8694,3069.0
60.7222,-46.0403,3050.0
65.6136,-37.6311,1985.0
70.6747,-52.1264,1407.0
61.9944,-49.6667,1308.0
72.7869,-56.1472,1092.0
68.8201,-51.1932,1081.0
12.0444,-61.6806,12486.0
12.05,-61.75,4315.0
16.2411,-61.5331,250952.0
16.0104,-61.7055,307.0
13.4692,144.7332,122411.0
13.4745,144.7504,1051.0
14.6133,-90.5353,3014000.0
14.6331,-90.6064,517505.0
14.5269,-90.5875,483897.0
14.7189,-90.6442,284798.0
15.4667,-90.3,255006.0
15.4833,-90.3667,228664.0
14.8333,-91.5167,204075.0
14.6333,-89.9833,192676.0
14.2978,-90.7869,170280.0
14.4833,-90.5333,167779.0
49.4555,-2.5368,18958.0
49.4819,-2.5411,8966.0
9.5092,-13.7122,1667864.0
10.3833,-12.0833,376269.0
8.5667,-10.1333,221715.0
10.3833,-9.3,198013.0
7.75,-8.8167,195027.0
11.4167,-9.1667,183875.0
10.0497,-12.8542,181126.0
10.94,-14.3,116270.0
11.3167,-12.2833,107695.0
10.0333,-10.7333,78108.0
11.85,-15.5667,492004.0
12.4833,-15.2167,46268.0
11.8833,-15.85,42659.0
12.2833,-14.2167,37525.0
12.0333,-14.8667,32255.0
11.2833,-15.25,26999.0
12.1719,-14.6575,22501.0
11.9278,-16.2028,12696.0
11.75,-14.2167,12000.0
12.04,-15.4281,11964.0
6.8058,-58.1508,200500.0
6.0,-58.3,29298.0
6.25,-57.5167,17329.0
7.2633,-58.4806,12448.0
5.9049,-57.1391,12000.0
6.4,-58.6167,8532.0
3.3833,-59.8,3000.0
5.2825,-59.15,2563.0
8.2,-59.7833,1254.0
5.5333,-58.25,676.0
18.5333,-72.3333,987310.0
18.5344,-72.4094,511345.0
18.5128,-72.2864,359615.0
19.4456,-72.6883,324043.0
18.5761,-72.2269,284812.0
18.55,-72.3,284079.0
19.76,-72.2,190289.0
19.1333,-72.4833,170740.0
19.1167,-72.7,160181.0
19.85,-73.2,148416.0
14.1058,-87.2047,1682725.0
14.098,-87.21,1250000.0
15.5,-88.0333,793835.0
15.6333,-88.0,227535.0
15.7792,-86.7931,215973.0
15.4,-87.8,188366.0
15.3167,-88.0167,166510.0
13.3028,-87.1833,152519.0
14.4522,-87.6383,144785.0
14.6664,-86.2186,124828.0
22.3,114.2,7450000.0
22.3167,114.1833,2108419.0
22.3802,114.1898,640000.0
22.3282,114.1916,418732.0
22.3307,114.1622,405869.0
22.46,114.002,286232.0
22.2867,114.155,235953.0
22.3456,114.1,191500.0
22.3094,114.2361,131000.0
22.2869,113.9436,116022.0
47.4925,19.0514,2997958.0
47.53,21.6392,328642.0
47.1956,18.4089,272474.0
46.0711,18.2331,251412.0
47.6842,17.6344,246159.0
46.255,20.145,239025.0
47.9531,21.7271,238020.0
46.9061,19.6897,187835.0
47.2351,16.6219,147920.0
48.0833,20.6667,145248.0
64.1467,-21.94,139875.0
64.1108,-21.9094,39810.0
64.02,-21.97,30568.0
65.6833,-18.1,19893.0
64.0902,-21.9264,18891.0
63.9333,-21.0,9624.0
66.0758,-23.1267,2620.0
65.7461,-19.6394,2614.0
64.254,-15.212,2389.0
65.2833,-14.3833,2332.0
28.61,77.23,32226000.0
19.0761,72.8775,24973000.0
22.5675,88.37,18502000.0
12.9789,77.5917,15386000.0
13.0825,80.275,12395000.0
17.3617,78.4747,10494000.0
18.5203,73.8567,8231000.0
23.0225,72.5714,8009000.0
21.1702,72.8311,6538000.0
26.85,80.95,3382000.0
-6.175,106.8275,33756000.0
-7.2458,112.7378,6998000.0
3.5894,98.6739,3632000.0
-7.98,112.62,2795209.0
-6.2349,106.9923,2590257.0
-6.2333,107.0,2381053.0
-6.1703,106.6403,2237006.0
-6.394,106.8225,2123349.0
-6.99,110.4225,1621384.0
-2.9861,104.7556,1535952.0
35.6892,51.3889,14148000.0
36.3264,59.5433,3372090.0
36.205,49.6872,2500000.0
32.6447,51.6675,2219343.0
35.8272,50.9489,1973470.0
29.61,52.5425,1565572.0
38.0814,46.3006,1558693.0
34.64,50.8764,1201158.0
31.3047,48.6783,1184788.0
34.3325,47.0933,946651.0
33.3153,44.3661,6183000.0
36.34,43.13,1792000.0
30.515,47.81,1326564.0
35.4667,44.3167,975000.0
35.5572,45.4356,878146.0
33.4258,43.2992,874543.0
36.1912,44.0092,846000.0
32.0,44.33,724700.0
32.6167,44.0333,690100.0
31.0439,46.2575,541600.0
53.35,-6.2603,1263219.0
53.4597,-6.2181,330506.0
51.8972,-8.47,222333.0
53.2719,-9.0489,83456.0
53.2886,-6.3572,81022.0
52.6653,-8.6238,58319.0
53.3544,-6.4486,57550.0
52.2567,-7.1292,48369.0
53.3203,-6.3947,47938.0
54.0044,-6.4003,43112.0
54.15,-4.4775,27938.0
54.175,-4.455,9172.0
32.08,34.78,1388400.0
31.7789,35.2256,936425.0
32.8192,34.9992,600000.0
31.95,34.8,249860.0
32.0889,34.8864,236169.0
31.8,34.65,220174.0
32.3286,34.8567,217200.0
31.2589,34.7997,209000.0
32.0167,34.7667,194300.0
32.0833,34.8333,193774.0
41.8933,12.4828,2748109.0
45.4669,9.19,1354196.0
40.8333,14.25,913462.0
45.0792,7.6761,841600.0
38.1111,13.3517,630167.0
44.4111,8.9328,558745.0
44.4939,11.3428,387971.0
43.7714,11.2542,360930.0
41.1253,16.8667,316015.0
37.5,15.0903,298762.0
17.9714,-76.7931,580000.0
17.95,-76.8799,156469.0
17.9959,-76.9551,131056.0
18.4667,-77.9167,97890.0
18.0106,-76.7847,96494.0
17.965,-77.245,61548.0
18.0333,-77.5,48317.0
17.9333,-77.1167,28665.0
18.1368,-77.0317,22757.0
18.2167,-78.1333,22600.0
35.6897,139.6922,37732000.0
34.6939,135.5022,15126000.0
35.1833,136.9,9197000.0
35.4442,139.6381,3757630.0
33.59,130.4017,2286000.0
43.0619,141.3544,1959313.0
35.5167,139.7,1531646.0
34.69,135.1956,1521707.0
35.0117,135.7683,1463723.0
35.8614,139.6456,1325843.0
49.1858,-2.11,33522.0
31.9497,35.9328,4007526.0
32.3399,36.2052,580000.0
32.55,35.85,569068.0
32.0833,36.1,481300.0
32.0178,36.0464,472604.0
31.9167,35.95,176400.0
31.8667,36.0,169434.0
32.5589,36.0147,155693.0
32.3325,35.7517,148870.0
29.5319,35.0056,148398.0
43.24,76.915,1916822.0
42.3167,69.5958,1184113.0
51.1472,71.4222,1078362.0
49.8028,73.1056,497777.0
49.9833,82.6167,400142.0
50.2836,57.2297,387807.0
42.9,71.3667,357795.0
50.4333,80.2667,350201.0
52.3,76.95,343091.0
43.3019,68.2692,250000.0
-1.2864,36.8172,5545000.0
-4.05,39.6667,1208333.0
-0.3,36.0667,570674.0
0.5167,35.2833,475716.0
-0.0833,34.7667,409928.0
-1.25,36.6667,323881.0
-4.555,39.1231,198423.0
1.01,39.49,174134.0
-1.4,36.77,172570.0
-0.4569,39.6583,163399.0
1.3382,173.0176,28802.0
1.35,172.9333,17356.0
39.0167,125.7475,2863000.0
39.9167,127.5333,768551.0
38.7333,125.4,703317.0
41.7833,129.7667,667929.0
39.4167,125.9333,437000.0
39.1475,127.4461,363127.0
40.1,124.4,352000.0
40.458,128.911,345876.0
39.6986,125.9061,319554.0
38.5064,125.7597,307764.0
37.56,126.99,23016000.0
35.18,129.075,3453198.0
37.4833,126.6333,2936117.0
35.8717,128.6017,2376044.0
35.1653,126.8486,1490092.0
36.35,127.385,1475221.0
37.2667,127.0167,1234300.0
35.55,129.3167,1150116.0
37.2333,127.2,1076369.0
37.65,126.8,1061929.0
42.2128,20.7392,220128.0
42.6633,21.1622,198897.0
42.3667,21.1667,108610.0
42.6603,20.2917,96450.0
42.3833,20.4333,94556.0
42.4647,21.4669,90178.0
42.9105,21.1911,88499.0
42.8833,20.8667,85360.0
42.53,21.1386,77605.0
42.8222,20.9694,69870.0
29.3697,47.9783,3000000.0
29.35,47.6833,393432.0
29.1322,48.1261,164212.0
29.0769,48.0838,68763.0
29.1489,48.1057,56554.0
42.8747,74.6122,1120827.0
40.53,72.8,353080.0
40.9333,73.0,89004.0
42.4903,78.3917,85588.0
42.8333,75.2833,53231.0
40.2611,72.1306,51300.0
40.7667,73.3,49410.0
42.8333,73.85,48278.0
42.4611,76.1803,42380.0
41.0417,72.7472,41011.0
17.98,102.63,948487.0
19.4167,103.5,267172.0
16.55,104.75,124000.0
15.7167,106.4167,100900.0
20.6914,101.9861,79500.0
15.1167,105.7833,77900.0
19.25,101.75,75700.0
20.2631,100.4336,70200.0
17.4,104.8,70000.0
14.8569,105.7533,62728.0
56.9489,24.1064,920643.0
55.875,26.5356,78850.0
56.5117,21.0139,67088.0
56.6483,23.7139,54836.0
56.9681,23.7703,51158.0
57.3906,21.5733,32948.0
56.5127,27.3427,26378.0
56.8186,24.6056,22884.0
57.55,25.4,22585.0
56.4994,25.8783,21436.0
33.8983,35.5057,2421354.0
33.775,35.9,300000.0
34.4367,35.8344,243800.0
33.5606,35.3758,163554.0
34.447,35.8178,150000.0
33.8936,35.5403,150000.0
33.8,35.6,130000.0
33.9697,35.6156,102221.0
33.8333,35.9167,100000.0
33.8333,35.5333,84900.0
-29.31,27.48,343541.0
-29.1511,27.7425,75115.0
-29.8167,27.25,57059.0
-28.8734,28.0416,38558.0
-28.895,27.907,32117.0
-29.4642,27.4969,27553.0
-29.3828,27.7892,26582.0
-30.15,27.4667,24992.0
-29.3625,27.6319,24093.0
-29.1097,27.9739,23926.0
6.3133,-10.8014,1021762.0
6.3733,-10.7928,84399.0
5.9161,-10.0525,48315.0
7.2375,-8.9814,41106.0
5.8808,-10.0467,34270.0
6.998,-9.473,34046.0
6.53,-10.3517,33945.0
8.4167,-9.75,26594.0
6.2833,-10.35,25309.0
6.0667,-8.1333,23903.0
32.8872,13.1914,1183000.0
32.1167,20.0667,631555.0
30.7556,20.2253,416000.0
32.3775,15.092,259056.0
32.7664,21.7417,250000.0
32.6497,14.2644,201943.0
32.7522,12.7278,200000.0
32.1697,13.0167,187854.0
32.5005,20.83,169540.0
32.0761,23.9614,135832.0
47.1667,9.5097,5998.0
47.141,9.521,5696.0
47.1,9.5333,5275.0
47.0667,9.5,4642.0
47.2167,9.5167,4459.0
47.2167,9.5333,4404.0
47.1181,9.5433,2643.0
47.245,9.5332,2295.0
47.2167,9.5,1663.0
47.2336,9.5481,1091.0
54.6872,25.28,716856.0
54.8972,23.8861,393397.0
55.7125,21.135,158420.0
55.7333,24.35,124412.0
55.9333,23.3167,104300.0
54.4014,24.0492,51856.0
54.5472,23.35,36807.0
56.3167,22.3333,33249.0
55.0722,24.2806,27134.0
55.5,25.6,25608.0
49.6117,6.1319,132780.0
49.4969,5.9806,36625.0
49.4833,6.0833,21953.0
49.5222,5.8917,15455.0
49.8681,6.1567,7047.0
49.8117,6.4217,5870.0
49.9661,5.9325,5427.0
49.6806,6.4417,4981.0
49.5444,6.3667,4015.0
49.9,6.2,2161.0
22.2006,113.5461,568700.0
-18.91,47.525,2300000.0
-24.1,46.3,809313.0
-16.95,46.83,394561.0
-19.8667,47.0333,265018.0
-15.7167,46.3167,246022.0
-18.155,49.41,225116.0
-21.4536,47.0858,191776.0
-23.35,43.6667,168756.0
-12.3,49.2833,129320.0
-25.1764,46.0833,114230.0
-15.7861,35.0058,1895973.0
-13.9833,33.7833,989318.0
-11.4581,34.0151,150100.0
-15.3869,35.3192,101140.0
-9.9333,33.9333,61609.0
-13.0333,33.4833,58653.0
-14.4667,35.2667,51429.0
-13.7833,34.4333,36789.0
-15.0667,35.2333,36421.0
-14.3667,34.3333,30928.0
3.1478,101.6953,8911000.0
5.4083,100.3695,946092.0
3.0333,101.45,878000.0
4.5972,101.075,866772.0
5.4144,100.3292,708127.0
3.0972,101.6444,638516.0
3.8167,103.3333,607778.0
3.0722,101.5167,584340.0
5.65,100.5,544851.0
1.4556,103.7611,497097.0
4.1753,73.5089,133019.0
6.6225,73.0703,15875.0
-0.6094,73.0899,10398.0
-0.2932,73.4236,9166.0
0.5302,72.9965,5230.0
5.4444,73.3657,4103.0
2.6711,72.8935,3132.0
3.7575,72.9686,3000.0
0.7569,73.4361,2837.0
5.1038,73.0704,2658.0
12.6392,-8.0028,4227569.0
13.3558,-9.5517,1596882.0
10.4875,-5.6536,230360.0
11.3167,-5.6667,213977.0
12.3833,-5.4667,137919.0
13.45,-6.2667,133501.0
14.45,-11.4333,127368.0
14.49,-4.18,108456.0
14.25,-5.9861,91554.0
12.8667,-5.6,69561.0
35.8983,14.5125,480134.0
35.8794,14.4722,93897.0
35.8967,14.4625,24356.0
35.9483,14.4017,21046.0
35.9097,14.4261,20241.0
35.9122,14.5042,16854.0
35.8772,14.5381,15404.0
35.915,14.4447,14890.0
35.9094,14.4786,14720.0
35.9186,14.49,13792.0
7.0833,171.3833,30000.0
14.6,-61.0667,253995.0
18.0858,-15.9785,1077169.0
18.0464,-15.9719,175969.0
18.0333,-15.9667,144043.0
20.9333,-17.0333,118000.0
16.63,-11.4,110714.0
16.5128,-15.805,51026.0
16.1506,-13.5056,49152.0
22.7333,-12.4667,44649.0
18.1022,-15.955,43531.0
15.1592,-12.1833,26420.0
-20.1644,57.5042,149194.0
-20.3188,57.5263,78618.0
-20.2654,57.4791,77308.0
-20.25,57.55,22745.0
-20.035,57.6431,20712.0
-20.2582,57.7545,17605.0
-20.2002,57.7177,15791.0
-20.26,57.4148,15345.0
-20.135,57.5211,15034.0
-20.1138,57.5066,14687.0
-12.7806,45.2278,71437.0
-12.7385,45.2071,32156.0
-12.8339,45.1725,15848.0
-12.7254,45.1072,13989.0
-12.7858,45.1113,13934.0
-12.8511,45.0997,11156.0
-12.9092,45.1944,10282.0
-12.8487,45.1446,10203.0
-12.9344,45.1511,8920.0
19.4333,-99.1333,21804000.0
20.6767,-103.3475,5525000.0
25.6667,-100.3,5341171.0
32.525,-117.0333,2002000.0
19.6097,-99.06,1929926.0
21.1167,-101.6833,1579803.0
19.0333,-98.1833,1576259.0
20.7167,-103.4,1476491.0
31.745,-106.485,1321004.0
32.6633,-115.4678,1102342.0
7.4417,151.8583,13856.0
6.9172,158.1589,6227.0
6.9639,158.2081,6074.0
9.5167,138.1333,3126.0
5.3258,163.0086,2591.0
47.0228,28.8353,702300.0
46.8403,29.6433,133807.0
47.7667,27.9167,97930.0
46.8333,29.4833,76158.0
47.7667,29.0,56988.0
47.2167,27.8167,30804.0
45.9167,28.1836,30018.0
47.2667,29.1667,28500.0
48.1667,28.3,22196.0
47.3833,28.8167,21065.0
43.7333,7.4167,36371.0
47.9203,106.9172,1396288.0
49.6356,100.1556,134530.0
49.0278,104.0444,106810.0
49.4689,105.9575,74738.0
49.6167,106.35,74738.0
48.9683,89.9686,40564.0
48.0783,114.535,38150.0
47.7725,107.2536,28152.0
49.9833,92.0667,26319.0
46.1917,100.7178,26252.0
42.4414,19.2628,173024.0
42.7778,18.95,32846.0
41.92,19.2,19921.0
42.453,18.5312,19536.0
43.3567,19.3583,19136.0
42.2881,18.8425,17479.0
42.1,19.1,15868.0
42.6,19.94,13805.0
42.84,20.16,13608.0
42.43,18.77,13347.0
16.7928,-62.2106,391.0
33.5333,-7.5833,3499000.0
34.0433,-5.0033,1112072.0
31.63,-8.0089,966987.0
35.7767,-5.8039,947952.0
34.0333,-6.8,850403.0
34.0209,-6.8416,572717.0
33.895,-5.5547,520428.0
34.6867,-1.9114,494252.0
34.25,-6.5833,431282.0
30.4333,-9.6,421844.0
-25.9667,32.5833,1133200.0
-25.9667,32.4667,1032197.0
-15.1167,39.2667,743000.0
-19.8333,34.85,530604.0
-16.2333,39.9167,347175.0
-19.1167,33.45,238976.0
-14.5428,40.6728,206449.0
-14.9486,37.4144,195077.0
-17.8764,36.8872,192876.0
-16.1667,33.6,152909.0
-22.57,17.0836,431000.0
-22.9561,14.5081,85000.0
-17.9167,19.7667,63431.0
-17.7833,15.6995,39679.0
-22.6833,14.5333,34300.0
-23.3167,17.0833,28843.0
-17.5039,24.275,28699.0
-19.5658,18.1036,23793.0
-17.9167,15.95,22822.0
-21.9833,16.9167,22639.0
-0.5477,166.9209,747.0
27.71,85.32,845767.0
27.6833,84.4333,369377.0
28.2083,83.9889,353841.0
27.6666,85.3333,337785.0
26.4542,87.2797,242548.0
27.7667,85.3667,179688.0
28.0333,82.4833,156164.0
27.0,84.8667,135904.0
27.7592,85.3283,133755.0
27.7,83.466,118462.0
51.55,5.0833,1944588.0
52.3728,4.8936,1459402.0
51.92,4.48,664311.0
52.08,4.31,548320.0
52.0908,5.1217,359370.0
50.85,5.6833,277721.0
51.4333,5.4833,243730.0
53.2189,6.5675,233273.0
52.3667,5.2167,214715.0
51.5889,4.7758,184126.0
-22.2758,166.458,182341.0
-22.15,166.45,35873.0
-22.2157,166.4665,27620.0
-22.1337,166.3505,24563.0
-21.059,164.8518,8144.0
-36.8406,174.74,1346091.0
-43.531,172.6365,383200.0
-37.0,174.885,375600.0
-41.2889,174.7772,216200.0
-36.8019,174.7494,205605.0
-37.7833,175.2833,176500.0
-37.6833,176.1667,151300.0
-41.2167,174.9167,103400.0
-45.8742,170.5036,99885.0
-40.355,175.6117,76236.0
12.1364,-86.2514,1051236.0
12.4333,-86.8867,176171.0
12.2,-86.1,147379.0
11.9667,-86.1,139582.0
12.9167,-85.9167,133416.0
12.1655,-86.3579,127517.0
12.6167,-87.15,121793.0
13.0833,-86.35,112084.0
11.9333,-85.95,105862.0
13.0884,-85.9994,99382.0
13.515,2.1175,1026848.0
13.4833,7.1,267249.0
13.8053,8.9883,235605.0
14.8903,5.2642,117826.0
16.9959,7.9828,117770.0
15.1177,1.996,111490.0
18.7333,7.3833,78651.0
13.7904,5.2599,65252.0
13.4,8.6,64988.0
13.0444,3.1947,58671.0
6.455,3.3841,16637000.0
9.0667,7.4833,3770000.0
7.3964,3.9167,3552000.0
6.2069,7.0678,2171900.0
12.0,8.5167,2095000.0
4.8242,7.0336,1865000.0
6.3333,6.8333,1500000.0
6.1667,6.7833,1483000.0
11.8333,13.15,1197497.0
5.1167,7.3667,1160000.0
-19.056,-169.921,597.0
-29.0606,167.9619,341.0
41.9961,21.4317,526502.0
42.1322,21.7144,70842.0
41.0319,21.3347,69287.0
41.3464,21.5542,63308.0
42.0103,20.9714,63176.0
41.7358,22.1914,42000.0
41.7153,21.7753,40664.0
41.1169,20.8019,38818.0
41.4375,22.6431,33825.0
41.8,20.9167,32814.0
15.2137,145.7546,2500.0
59.9133,10.7389,1064235.0
60.3894,5.33,291189.0
58.97,5.7314,237369.0
58.8517,5.7361,237369.0
63.4297,10.3933,212660.0
58.1472,7.9972,125000.0
59.8833,10.5167,115543.0
59.7378,10.205,109416.0
59.2053,10.95,63610.0
59.8353,10.435,61523.0
23.5889,58.4083,1720000.0
23.6139,58.5922,1421409.0
23.5333,58.3833,383257.0
17.0197,54.0897,331949.0
23.6703,58.1891,237816.0
23.6167,58.5667,214901.0
23.8494,57.4386,170000.0
24.362,56.7344,151349.0
23.3908,57.4244,120000.0
22.5667,58.1167,115040.0
24.86,67.01,15738000.0
31.5497,74.3436,12306000.0
32.5833,73.75,3219375.0
31.4167,73.0911,3203846.0
33.6,73.0333,2098231.0
32.1567,74.19,2027001.0
34.0144,71.5675,1970042.0
30.1978,71.4697,1871843.0
25.3792,68.3683,1732693.0
33.6931,73.0639,1014825.0
7.3419,134.4792,8744.0
7.5006,134.6241,271.0
7.5006,134.6242,271.0
8.9833,-79.5167,1500189.0
9.033,-79.5,315019.0
8.4333,-82.4333,82907.0
9.3572,-79.8986,78000.0
9.08,-79.38,74952.0
8.8792,-79.7822,68896.0
8.95,-79.55,62882.0
9.15,-79.62,53955.0
9.08,-79.28,52494.0
8.24,-80.54,51668.0
-9.4789,147.1494,700000.0
-6.7303,147.0008,193000.0
-8.7656,148.2347,65000.0
-6.1478,143.6572,56055.0
-6.225,155.5667,36443.0
-5.86,144.24,29765.0
-5.2167,145.8,29339.0
-5.5575,150.155,27191.0
-3.55,143.6333,25143.0
-6.0833,145.3833,21507.0
-25.3,-57.6333,477346.0
-25.5167,-54.6167,308983.0
-25.34,-57.52,287977.0
-25.27,-57.4872,263604.0
-25.35,-57.42,224152.0
-25.32,-57.54,183390.0
-25.3935,-57.5443,126817.0
-22.53,-55.75,115583.0
-25.5333,-54.6167,104677.0
-25.3833,-57.3333,100456.0
-12.06,-77.0375,10320000.0
-16.4,-71.5333,1008290.0
-8.112,-79.0288,935147.0
-6.763,-79.8366,552508.0
-5.2,-80.6333,473025.0
-13.525,-71.9722,428450.0
-12.0522,-77.1392,415888.0
-12.0667,-75.2167,378203.0
-3.75,-73.25,377609.0
-8.3833,-74.55,326040.0
14.5958,120.9772,24922000.0
14.65,121.0475,2960048.0
6.9042,122.0761,2100000.0
7.07,125.6,1776949.0
14.65,120.97,1661584.0
18.0,121.8,1273219.0
10.32,123.75,964169.0
14.5842,121.1763,887399.0
14.52,121.05,886722.0
14.5605,121.0765,803159.0
-25.0667,-130.1,47.0
52.23,21.0111,1860281.0
50.0614,19.9372,804237.0
51.11,17.0325,672929.0
51.7769,19.4547,670642.0
52.4083,16.9336,546859.0
54.3475,18.6453,486022.0
53.4325,14.5481,396168.0
53.1219,18.0003,337666.0
51.25,22.5667,334681.0
53.1353,23.1456,294242.0
41.1621,-8.622,1278210.0
38.7253,-9.15,548703.0
41.44,-8.3,425411.0
38.7992,-9.3883,377835.0
41.1333,-8.6167,302295.0
38.7,-9.4167,214158.0
38.8333,-9.1667,201632.0
38.65,-9.1,184269.0
41.5503,-8.42,181494.0
38.6803,-9.1583,177268.0
18.3985,-66.061,1814587.0
18.4382,-67.1537,228854.0
18.3794,-66.1635,168698.0
18.4054,-65.9792,139201.0
18.4491,-66.7387,125727.0
18.0127,-66.6212,114901.0
18.0827,-67.046,93549.0
18.2003,-67.1397,93079.0
18.2319,-66.0388,73713.0
18.3832,-66.1134,70167.0
25.2867,51.5333,1186023.0
25.25,51.4,605712.0
25.4175,51.5075,198600.0
25.3722,51.2047,161240.0
25.18,51.61,87970.0
25.25,51.3732,54339.0
25.69,51.51,31547.0
25.2525,51.5592,29703.0
25.7347,51.5475,13511.0
25.6208,51.0819,13085.0
-20.8789,55.4481,315080.0
-21.0339,55.7128,35310.0
44.4325,26.1039,2412530.0
46.7667,23.5833,286598.0
47.1622,27.5889,271692.0
44.1667,28.6333,263707.0
45.7597,21.23,250849.0
45.6667,25.6167,237589.0
44.3333,23.8167,234140.0
45.4233,28.0425,217851.0
47.0722,21.9211,183105.0
44.9411,26.0225,180539.0
55.7558,37.6172,17332000.0
59.9375,30.3086,5384342.0
55.05,82.95,1625631.0
56.8356,60.6128,1468833.0
55.7964,49.1089,1259173.0
56.3269,44.0075,1244254.0
55.1547,61.3758,1196680.0
54.9833,73.3667,1172070.0
53.2028,50.1408,1169719.0
47.2225,39.71,1137704.0
-1.9439,30.0594,1518632.0
-2.0845,29.7527,319141.0
-2.0696,29.76,87613.0
-1.6211,30.385,71769.0
-1.4833,29.65,62179.0
-1.5,29.6333,59333.0
-1.7,29.25,53603.0
-1.8422,30.4781,46009.0
-1.8544,29.9625,43744.0
-1.435,30.0211,41000.0
17.8979,-62.8506,2300.0
-15.9251,-5.7179,714.0
17.3,-62.7333,13220.0
14.0167,-60.9833,70000.0
14.081,-60.953,21660.0
13.819,-60.9,16620.0
13.728,-60.954,15750.0
14.0243,-60.9744,12980.0
18.0706,-63.0847,5700.0
46.7778,-56.1778,5394.0
13.1308,-61.1928,24205.0
13.1578,-61.225,13857.0
-13.8333,-171.75,37708.0
-13.8019,-171.8217,1998.0
-13.4528,-172.4036,1270.0
-13.8167,-171.9167,1184.0
-13.5194,-172.6372,1133.0
-13.85,-171.5833,949.0
-13.7558,-172.3064,784.0
-13.4501,-172.3335,600.0
-13.9333,-171.5333,45.0
43.9717,12.4817,10878.0
43.945,12.4497,6871.0
43.9346,12.4473,4040.0
43.95,12.4667,3565.0
43.9106,12.4556,2548.0
43.9457,12.4185,2145.0
43.9256,12.4983,1177.0
43.9089,12.4844,967.0
0.3361,6.7306,65468.0
0.2583,6.7417,10290.0
0.3592,6.5517,10068.0
0.38,6.6381,7604.0
0.3,6.6833,6636.0
0.1333,6.65,3605.0
1.6367,7.4178,1300.0
24.6333,46.7167,7237000.0
21.5433,39.1728,4697000.0
21.4225,39.8233,2427924.0
24.47,39.61,1411599.0
26.4333,50.1,903312.0
28.3972,36.5789,886036.0
25.3833,49.5833,660788.0
26.556,49.996,625092.0
23.4895,46.7564,594605.0
21.2751,40.4062,579970.0
14.6928,-17.4467,1438725.0
14.75,-17.4,1170791.0
14.8667,-15.8833,529176.0
14.7833,-16.9167,394544.0
14.7833,-17.4,329659.0
14.7167,-17.2667,221066.0
14.1389,-16.0764,172305.0
16.0333,-16.5,154555.0
14.655,-16.2314,100445.0
16.4667,-15.6833,90000.0
44.82,20.46,1197714.0
45.2542,19.8425,380000.0
43.3208,21.8958,183164.0
44.85,20.4,161596.0
44.0101,20.9172,150623.0
44.75,19.7,105432.0
44.6667,20.9333,97930.0
44.2667,19.8833,90312.0
44.5333,19.2258,86413.0
44.8706,20.6403,73401.0
-4.6231,55.4525,24701.0
8.4844,-13.2344,951000.0
7.9564,-11.74,233684.0
7.8758,-11.1908,188463.0
8.6439,-10.9717,124662.0
8.4405,-10.85,87539.0
8.7667,-12.7875,44900.0
8.65,-11.0667,44376.0
8.7169,-11.9433,40313.0
9.1167,-12.9167,40000.0
8.6833,-12.5333,36108.0
1.3,103.8,5983000.0
18.0237,-63.0458,1894.0
48.1439,17.1097,475503.0
48.7167,21.25,229040.0
48.1333,17.1167,114000.0
49.2228,18.74,108000.0
49.0017,21.2394,84824.0
48.3069,18.0864,77610.0
48.7353,19.1453,76018.0
48.3775,17.5883,63803.0
48.8919,18.0367,54740.0
49.065,18.9219,51139.0
46.0514,14.5061,284293.0
46.5575,15.6456,97019.0
46.2358,15.2675,37872.0
46.2333,14.3667,37553.0
45.55,13.7333,25753.0
46.3625,15.1144,25594.0
45.8,15.1667,24183.0
46.4194,15.8694,17959.0
46.15,15.05,13822.0
46.2257,14.612,13800.0
-9.4319,159.9556,84520.0
-8.7667,160.7,7882.0
-8.1056,156.8389,6154.0
-10.45,161.9167,3500.0
-8.1333,159.5833,2813.0
-9.1014,160.1467,1251.0
-11.5583,160.0706,613.0
-10.7167,165.8333,553.0
2.0392,45.3419,2610483.0
-0.3581,42.5453,1458000.0
9.5631,44.0675,1200000.0
3.1167,43.65,1200000.0
2.3333,42.2833,755500.0
6.7697,47.4308,745000.0
1.7133,44.7656,716361.0
11.2886,49.1819,700906.0
6.1403,46.6256,510654.0
8.4,48.4667,485000.0
-26.2044,28.0456,8500000.0
-33.9253,18.4239,4770313.0
-26.2678,27.8585,1271628.0
-33.9581,25.6,967677.0
-29.6167,30.3833,839327.0
-29.8833,31.05,838634.0
-25.7461,28.1881,741651.0
-25.6667,27.2428,549575.0
-27.7464,29.9328,507710.0
-33.0175,27.9047,478676.0
-54.2806,-36.508,99.0
4.85,31.6,459342.0
6.2125,31.5608,315351.0
3.8492,31.6578,196000.0
4.0904,30.68,185000.0
4.1333,32.3,169826.0
7.7,28.0,163442.0
4.91,29.45,148000.0
9.55,31.65,147450.0
8.2979,30.1475,100722.0
8.31,27.99,78111.0
40.4169,-3.7033,6211000.0
41.3828,2.1769,4800000.0
39.47,-0.3764,1595000.0
37.39,-5.99,1100000.0
36.7194,-4.42,967250.0
43.2569,-2.9236,775000.0
41.65,-0.8833,682513.0
37.9861,-1.1303,672773.0
28.1258,-15.4353,635000.0
39.5667,2.65,550000.0
6.9344,79.8428,2323826.0
6.8731,79.8758,245974.0
6.7953,79.9386,243842.0
6.8494,79.9236,195355.0
6.7991,79.8767,168280.0
6.6806,80.4022,165998.0
7.2111,79.8386,142136.0
7.2964,80.635,120087.0
6.9108,79.8878,115826.0
7.2534,80.4466,111727.0
15.6,32.5,7869000.0
15.65,32.4833,2805396.0
11.0339,27.74,985000.0
15.6333,32.6333,936349.0
19.6167,37.2167,579942.0
13.45,22.45,538390.0
15.45,36.4,536009.0
13.6306,25.35,500000.0
12.05,24.8833,492984.0
13.1833,30.2167,418280.0
5.8522,-55.2039,223757.0
3.8542,-54.2281,29210.0
5.7697,-55.2922,27713.0
5.6967,-55.2167,18663.0
5.9333,-56.9833,12818.0
5.8072,-55.1469,12405.0
5.6167,-54.4,8252.0
5.8833,-55.0833,5650.0
5.5,-54.05,5247.0
5.0164,-55.1669,4793.0
78.22,15.65,1753.0
59.3294,18.0686,2121000.0
57.7075,11.9675,607882.0
55.6058,13.0358,360249.0
59.8581,17.6447,166698.0
58.6,16.2,137326.0
59.8601,17.64,133117.0
59.6161,16.5528,128660.0
59.2739,15.2075,126604.0
58.4158,15.6253,115682.0
57.7211,12.9403,114445.0
47.3744,8.5411,447082.0
46.2017,6.1469,203840.0
47.5547,7.5906,173552.0
46.5198,6.6335,141418.0
46.9481,7.4475,134506.0
47.4989,8.7286,109775.0
47.05,8.3,81691.0
47.4242,9.3708,75833.0
46.005,8.9525,63185.0
47.1333,7.25,55159.0
33.5131,36.2919,2584771.0
36.2,37.16,2003671.0
34.7308,36.7094,775404.0
35.5167,35.7833,700000.0
35.1333,36.75,696863.0
35.95,39.01,299824.0
35.3333,40.15,271800.0
36.5117,40.7422,188160.0
37.05,41.22,184231.0
35.9333,36.6333,165000.0
24.1439,120.6794,3033885.0
22.615,120.2975,2733964.0
25.0375,121.5625,2603150.0
22.9833,120.1833,1874686.0
24.965,121.2168,1632616.0
24.8167,120.9833,499348.0
24.9913,121.3143,443273.0
25.1333,121.7333,367107.0
23.48,120.4497,251938.0
24.0667,120.5333,226518.0
38.5367,68.78,863400.0
40.2833,69.6333,770000.0
40.2833,70.4167,219000.0
37.9092,69.7819,106300.0
39.9108,69.0064,65600.0
38.5108,68.2303,55700.0
39.5,67.6167,52500.0
40.1167,70.6333,51700.0
40.1617,69.4678,50200.0
37.8,68.65,49235.0
-6.8161,39.2803,7962000.0
-2.5167,32.9,1104521.0
-6.7889,39.2056,1086912.0
-8.9,33.45,541603.0
-3.3667,36.6833,416442.0
-5.1069,30.3839,387442.0
-2.8714,32.2294,318006.0
-7.9667,31.6167,303986.0
-6.7667,38.9167,265360.0
-2.7919,33.9894,260927.0
13.7525,100.4942,18007000.0
18.7953,98.9986,1198000.0
14.975,102.1,466098.0
16.4333,102.8333,412758.0
7.0167,100.4667,404044.0
13.3611,100.985,342959.0
12.9357,100.889,328961.0
13.174,100.93,327172.0
13.8667,100.5167,255671.0
13.9125,100.4978,184501.0
-8.5536,125.5783,222323.0
-8.9917,125.2197,15800.0
-8.4667,126.45,14961.0
-8.5167,126.0167,9022.0
-8.7239,125.4361,8133.0
-8.85,126.3667,6078.0
-8.5935,125.3273,5152.0
-8.9833,125.5,3085.0
-9.0,125.65,2100.0
8.9833,1.1333,113000.0
6.9,0.6333,87478.0
7.5269,1.1267,84979.0
10.8667,0.2,58071.0
6.4333,1.2167,55775.0
6.9483,1.1681,49143.0
6.5833,1.5,36961.0
10.3556,0.4756,34791.0
6.1319,1.2228,33000.0
8.5667,0.9833,32464.0
-21.1333,-175.2,23221.0
-18.6508,-173.9831,3845.0
10.5167,-61.4,101297.0
10.2833,-61.4667,82997.0
10.6667,-61.5167,81142.0
10.6333,-61.2833,65623.0
10.4167,-61.45,48858.0
10.1667,-61.6667,29579.0
10.2667,-61.3833,28335.0
10.7167,-61.5667,25370.0
10.65,-61.4833,21454.0
10.5667,-61.1333,18127.0
36.8064,10.1817,602560.0
35.0381,9.4858,429912.0
34.74,10.76,265131.0
35.8333,10.6333,221530.0
35.6772,10.1008,186653.0
33.9667,10.0,170000.0
33.705,8.965,163257.0
36.8833,10.25,129693.0
33.8833,10.1167,116323.0
36.8625,10.1956,114486.0
41.0136,28.955,16079000.0
39.93,32.85,5503985.0
38.42,27.14,4320519.0
40.1833,29.05,2901396.0
37.8667,32.4833,2232374.0
36.8,34.6333,1814468.0
37.0,35.3213,1765981.0
37.91,40.24,1732396.0
38.7225,35.4875,1389680.0
41.2903,36.3336,1368488.0
37.9375,58.38,1030063.0
39.0833,63.5667,256000.0
41.8333,59.9667,227184.0
39.5167,54.3667,139000.0
37.6,61.8333,126141.0
37.5,66.0,98477.0
38.9833,56.2833,89582.0
37.6167,62.15,88486.0
40.0167,52.9667,73000.0
37.3833,60.5,52000.0
21.459,-71.139,3700.0
-8.5167,179.2,6025.0
0.3136,32.5811,1680600.0
1.0806,34.175,586300.0
0.3639,32.5286,532800.0
0.4378,32.6025,207800.0
-0.6133,30.6583,195013.0
0.4311,33.1478,178800.0
0.3533,32.7553,161996.0
2.7817,32.2992,152276.0
1.4319,31.3525,122700.0
2.2472,32.9,116500.0
50.45,30.5233,2952301.0
49.9925,36.2311,1421125.0
46.4775,30.7326,1010537.0
48.4675,35.04,968502.0
48.0028,37.8053,901645.0
49.8425,24.0322,717273.0
47.85,35.1175,710052.0
50.6765,26.16,625543.0
47.91,33.39,603904.0
44.605,33.5225,485386.0
25.2631,55.2972,3331420.0
24.4667,54.3667,1483000.0
25.3575,55.3908,1247749.0
24.2075,55.7447,766936.0
25.4136,55.4456,490035.0
25.7667,55.95,115949.0
25.1222,56.3344,93673.0
25.5533,55.5475,59098.0
25.0742,56.3553,51000.0
25.3333,56.35,43223.0
51.5072,-0.1275,11262000.0
52.48,-1.9025,2919600.0
50.8058,-1.0872,855679.0
50.9025,-1.4042,855569.0
53.7975,-1.5436,789194.0
52.9561,-1.1512,729977.0
51.4536,-2.5975,707412.0
55.8611,-4.25,626410.0
53.479,-2.2452,547627.0
53.3808,-1.4703,518090.0
40.6943,-73.9249,18908608.0
34.1141,-118.4068,11922389.0
41.8375,-87.6866,8497759.0
25.784,-80.2101,6080145.0
29.786,-95.3885,5970127.0
32.7935,-96.7667,5830932.0
40.0077,-75.1339,5683533.0
33.7628,-84.422,5180179.0
38.9047,-77.0163,5116378.0
42.3188,-71.0852,4328315.0
-34.8836,-56.1819,1719453.0
-34.9,-54.95,135014.0
-31.3833,-57.95,124878.0
-34.8167,-55.95,112449.0
-32.3214,-58.0756,76429.0
-34.7167,-56.2167,71268.0
-30.9025,-55.5506,64465.0
-31.7333,-55.9833,54755.0
-32.3667,-54.1833,51830.0
-33.25,-58.0333,41974.0
41.3111,69.2797,2956384.0
41.0011,71.6683,626120.0
40.7833,72.3333,547800.0
39.6547,66.9758,546303.0
42.4667,59.6,319583.0
40.3864,71.7864,288850.0
39.7667,64.4231,280187.0
38.8667,65.8,274891.0
40.5286,70.9425,259700.0
40.4711,71.7247,215400.0
-17.7333,168.3167,49034.0
-15.5333,167.1667,18062.0
-19.53,169.28,1200.0
-16.1069,167.4208,705.0
41.904,12.453,825.0
10.4806,-66.9036,2245744.0
10.6333,-71.6333,1551539.0
10.1833,-68.0,1484430.0
10.0636,-69.3347,1059092.0
7.7667,-72.2333,1015623.0
8.6333,-70.2,873962.0
8.3667,-62.65,751331.0
10.6,-67.0333,661897.0
8.1219,-63.55,567953.0
10.2333,-66.6639,525321.0
10.7756,106.7019,15136000.0
21.0,105.85,8246600.0
20.8651,106.6838,2103500.0
10.0333,105.7833,1237300.0
10.95,106.8167,1104000.0
10.8266,106.7609,1013795.0
15.9333,108.2667,1000000.0
16.4667,107.5792,652572.0
10.905,106.6994,618984.0
21.1833,106.05,520000.0
18.4167,-64.6167,12603.0
-13.2833,-176.1833,1029.0
-14.2961,-178.1585,322.0
31.5286,35.0969,201063.0
32.2222,35.2611,156906.0
32.3125,35.0267,64532.0
31.4478,35.09,63511.0
32.1903,34.9686,51683.0
32.4611,35.3,49908.0
31.9,35.2,38998.0
31.4078,34.9722,35924.0
31.7044,35.2064,28591.0
31.8889,35.1675,26604.0
15.3483,44.2064,2957000.0
13.5789,44.0219,615467.0
14.8022,42.9511,548433.0
12.8,45.0333,507355.0
13.9667,44.1667,350864.0
13.9759,44.1709,234837.0
14.55,44.4017,160114.0
14.5333,49.1333,144137.0
12.8531,44.9722,114931.0
16.05,49.0,105552.0
-15.4167,28.2833,2467563.0
-12.9689,28.6325,528330.0
-12.8167,28.2,504194.0
-15.7667,28.1833,219000.0
-15.8467,27.7475,203219.0
-15.2775,23.1319,179585.0
-10.2117,31.1783,168102.0
-9.3,28.7167,150000.0
-9.3533,28.7403,147927.0
-12.5333,27.85,147448.0
-17.8292,31.0522,2150000.0
-20.0744,30.8328,1638528.0
-20.17,28.58,665940.0
-17.9939,31.0481,371244.0
-18.9667,32.6333,224802.0
-19.4614,29.8022,141260.0
-19.0,28.9,112471.0
-18.9167,29.8167,93072.0
-17.8833,30.7,87038.0
-18.34,29.9,76173.0
